sellerlink,EmailAddress,Sample brand name
Seller 1724,zierfischtreff@aol.comUmsatzsteuer-Identifikationsnummer,Visit the Tetra Store
Seller 992,weibo.manufakturen@gmail.com,Reisenthel
Seller 166,webshop.knajp@aol.de,KOLOR
Seller 959,wasserpflanzen@t-online.de Umsatzsteuer,Visit the Wasserpflanzen Wolff Store
Seller 950,warenhandel-warmisried@web.de,Visit the NICI Store
Seller 913,vomadi@t-online.de,PaellaWorld
Seller 911,volz.karl@googlemail.com USt,Votoka
Seller 896,viz-uk@hotmail.co.uk,viz-uk wear
Seller 835,versand@erwinluecken.de Ust,HI
Seller 1542,verkauf@zeottexx.deInternet,VriesDeko
Seller 1525,verkauf@zebra-bau.deDie Europ,Visit the WAGNER Store
Seller 230,verkauf@lacabanita.de Umsatzsteuer,Tangoo
Seller 815,vela07@hotmail.co.uk tel,Dean morris Cards
Seller 541,TBcompany.de@gmail.com,Windhager
Seller 1496,support@yovivo.de,Visit the TFA Dostmann Store
Seller 727,support@trendmile.com,Visit the tesa Store
Seller 912,support@stolzgmbh.de,Visit the PRIMA GARDEN Store
Seller 494,support@roehrs-baumarkt.de,Neudorff
Seller 842,simon@vershy24.eu,Vershy
Seller 1511,shop@zbau24.de Handelsregister,Visit the Oase Store
Seller 1048,shop@wohnraum-berger.de Umsatzsteuer,Visit the Umbra Store
Seller 994,shop@weidezaun.info,VOSS.sonic
Seller 853,shop@violadirekt.eu,Visit the ViD Store
Seller 322,shop@varia-store.com,Visit the Umbra Store
Seller 331,shop@linofant.de Tel,Winnetoo
Seller 283,shop@lexberg.de,Windhager
Seller 161,Shop@koi-schneidewind.de Steuernummer,JBL -
Seller 156,shop@koch-mannes.de,Makita
Seller 1530,service@zederle.de,Rain Bird
Seller 883,service@vitamed-quinger.com,Visit the Varta Store
Seller 572,service@teppichcenter24.de,Visit the Paco Home Store
Seller 196,Service@KS-Germany.com Gesch,Visit the Paulmann Store
Seller 183,service@krasatools.com Registereintrag,Makita
Seller 187,schachkri@aol.com Telefon,Visit the Westmark Store
Seller 1767,sales@zombolo.de,Visit the Zite Store
Seller 668,sales@tomodachi-koifood.com,Tomodachi
Seller 508,sales@tacopsgear.de,Wildo
Seller 314,sales@lights4fun.de,Visit the Lights4fun Store
Seller 901,safa@online.de,Unbekannt
Seller 169,redaktion@konfitee.de,Konfitee
Seller 1815,r.joormann@googlemail.com,Star-Max
Seller 491,peter.hoffmann.erfurt@t-online.de Umsatzsteuer,Visit the RAHMENLOS Store
Seller 942,office2@wamat.de,Wamat
Seller 142,office@haberl.at,Silverline
Seller 38,nils.holm@zierleyn.de,Visit the TFA Dostmann Store
Seller 153,mail@knobelbox.com,Meffert's
Seller 479,lznukdirect@outlook.com,lzn
Seller 301,lichtquelle-321@web.de,Visit the Paulmann Store
Seller 162,leonhardt@koi-herdecke.de,Bayrol
Seller 256,last.minute.warenhandel@googlemail.com,Visit the Ochsenkopf Store
Seller 221,kvm-janke@web.de,Prym
Seller 885,kundenservice@vitego-shop.deGeschäftsf,RUSSKA
Seller 800,kundenservice@vavorit.de,Visit the Victorinox Store
Seller 435,kundenservice@lumaland.com Die,Oxid7
Seller 149,kundenservice@klura.de Umsatzsteuer,Puckator
Seller 630,kontakt@tierarzt24.de,Visit the Röhnfried Store
Seller 688,kontakt@koicenter24.com,(blank)
Seller 158,kontakt@kochmesser-shop.com,Kay Bojesen
Seller 70,koeln@party-discount.de,Rayher
Seller 99,kerri-keramik@web.de,Kerri-Keramik
Seller 96,kerima.tools@gmx.de,Makita
Seller 86,keimfunk@yahoo.de Tel,ChiliTec
Seller 72,katerrot27@aol.com,Visit the Weber Store
Seller 1,jadgemaello@gmail.com James,Visit the YAMAZAKI Store
Seller 1780,info@zooshop-online.com,Zoo-Shop
Seller 1777,info@zoomeister.de,Zoomeister
Seller 1773,info@zoo-bue-pet.de,Visit the Tetra Store
Seller 1772,info@zoobi-shop.de,Unitec
Seller 1731,info@zisaline.com,Visit the TFA Dostmann Store
Seller 1508,info@zaundirekt.de,Zaundirekt
Seller 1058,info@wt-discount.de,WT
Seller 1054,info@wortek.de,AS Best Product
Seller 1050,info@wolldiscount24.com,Visit the myboshi Store
Seller 1016,info@weldingtool.de,SCAPP
Seller 1010,info@weiva.de,Weiva
Seller 980,info@webkaufhaus24.de,Visit the Höfer Chemie GmbH Store
Seller 956,info@wasserflora.de,Visit the Tetra Store
Seller 951,info@warenhaus-schulz.de,Visit the OTTER Store
Seller 111,info@vronis-kinderland.de,Widmann
Seller 857,info@viertreff.de,designimdorf
Seller 854,info@vida-home.deGeschäftsf,Vida GmbH
Seller 759,info@tuga-holztech.de,Visit the TUGA - Holztech Store
Seller 744,info@trotec24.com USt,Visit the TROTEC Store
Seller 730,info@trendy-home.de,Trendy Home GmbH
Seller 714,info@trades4sale.de,RAKSO
Seller 1730,info@tozi-spall.de UST,Visit the Weber Store
Seller 697,info@tortendeko-shop.de,Martellato
Seller 692,info@top-multishop.de,(blank)
Seller 680,info@tools.de Handelsregisternummer,VITO
Seller 679,info@toolnerds.de Gesch,ToolNerds
Seller 655,info@tk-gruppe.com,Visit the TK Gruppe Timo Klingler Store
Seller 628,info@tibu-holztreppen.de,Visit the TIBU Store
Seller 581,info@texmaxx.de,Visit the TEXMAXX Store
Seller 573,info@teppichmax.de,Visit the TT Home Store
Seller 563,info@teichbedarf24.de Telefon,DeRiTex
Seller 159,info@sl-handelsgmbh.de Rechtsform,Contacto
Seller 986,info@schreibwaren-wegmann.de Registergericht,Visit the TFA Dostmann Store
Seller 597,info@quiltedbear.co.uk,Prym
Seller 475,info@lyra-pet.de,Lyra Pet
Seller 452,info@luxflair.de,Visit the Aromalove Store
Seller 448,info@lustiges-shirt.de,Visit the RAHMENLOS Store
Seller 429,info@luftballonwelt.de,Visit the Folat Store
Seller 418,info@lubalo-ug.de,Visit the Philips Store
Seller 323,info@limuno.com,Visit the Swiffer Store
Seller 841,info@lenkgetriebe.netGeschäftsf,Triscan
Seller 273,info@lemodo.de,Windhager
Seller 265,Info@LederMilz.deRegistergericht,Reisenthel
Seller 248,info@landkaufhausmayer.de,Göbel
Seller 223,info@kusnezov.de,Tropica
Seller 201,info@ktc-tec.de Gesch,KTC Tec
Seller 199,info@ksells.deUmsatzsteuer-Identifikationsnummer gem,BEVO
Seller 192,info@kronenburg-handel.de,Kronenburg
Seller 178,info@kotte-zeller.de,MFH
Seller 143,info@kleinschmidtgmbh.com,Visit the Testo AG Store
Seller 140,info@kk-dichtungstechnik.de Gesch,Visit the Nitras Store
Seller 128,info@kirchner24.de,Makita
Seller 1503,info@kiosk-osman.de,Nexa Lotte
Seller 125,info@Kinkerlitzchen.de,Tussi on Tour
Seller 118,info@Kiids.de,Spielstabil
Seller 112,info@kiddy-hits.de,Spielstabil
Seller 102,info@kettenbertl.de,Oregon
Seller 101,info@kessler-electronic.de,Visit the Varta Store
Seller 92,info@kenai-deko.de,Reichstein & Kaufmann
Seller 71,info@karneval-fasching-shop.de Tel,Widmann
Seller 65,info@kanister-vertrieb.de,Wilai
Seller 57,info@kamdi24.de,Visit the Petromax Store
Seller 55,info@kalishop.de,SW-Stahl
Seller 54,info@kaleidoshop.de,Visit the TFA Dostmann Store
Seller 52,info@kaiser24.shop,Markenlos
Seller 41,info@kabel-licht.de,ETF
Seller 37,info@itenga.de Gesch,Visit the Vileda Store
Seller 895,info@infinitemotion.de Umsatzsteuer,Viwanda
Seller 1052,info@highlight-led.de,Visit the TFA Dostmann Store
Seller 109,info@gsz24.de,Yato
Seller 833,info@fliegende-pillen.de,Param
Seller 144,Info@derklempnerpeter.de,COMFY
Seller 215,info@ast-mediaevent.de,bambus-discount.com
Seller 232,info.lacomi@tlctrading.de,Nexa Lotte
Seller 34,Granaryvin@gmail.com Steuerinformation,"Tightpac America, Inc."
Seller 284,distribute@leucht-fachhandel.de,Visit the OSRAM Lamps Store
Seller 1543,dhfdjbhfu@outlook.com,YIXUAN
Seller 209,buchfink.brigitte.fink@googlemail.comUmsatzsteuer-Identifikationsnummer gem,Zippo
Seller 24,bib.beckum@blumenbecker.com,Visit the tesa Store
Seller 176,aquaPro2000@hotmail.de,Valterra
Seller 943,anfrage@abs-werbestudio.de Umsatzsteuer,Wandtattoo Loft
Seller 1023,amazon2015@werkzeugladen24.com,Ryobi
Seller 1782,amazon@zooweber.de,(blank)
Seller 1781,amazon@zoostore.de,Skyline
Seller 1394,amazon@x-parts.de,X-Parts
Seller 684,amazon@werkzeug-schultze.de,Milwaukee
Seller 1022,amazon@werkzeug-direkt.com,Visit the BGS Store
Seller 973,amazon@welovebags.de,Visit the Victorinox Store
Seller 962,amazon@wattstunde.de,VOTRONIC
Seller 536,amazon@wagirat.de,Mauser
Seller 921,amazon@voxtrade.de,VOXTRADE
Seller 830,amazon@verpacking.com,Visit the tesa Store
Seller 811,amazon@vdb-schweisstechnik.com Umsatzsteuer,Visit the VDB Store
Seller 805,amazon@vbs-versand.de,VBS
Seller 231,amazon@urnitsch.at,Milwaukee
Seller 245,amazon@saku-system.de,Rösle
Seller 938,amazon@posterdepot.de,Visit the Wallario Store
Seller 225,amazon@kuetec.de,WESCO
Seller 135,amazon@kjells.de,Perel Garden
Seller 35,amazon@hockdesign.de,VLUV
Seller 237,amazon@handelspark.de,Melody
Seller 26,amazon@boni-shop.com,Nexa Lotte
Seller 1785,ade.support@zoreno.com,(blank)
Seller 967,a.boche@wbp-express.dewww.wbp-shop.de,Visit the tesa Store
Seller 838,77bier@web.de,actiTube
Seller 954,305574WARSTOREUK@SKY.COMVAT,Flags4You
Seller 966,07274-777379info@wasserbetten-factory.deDie Europ,Qualatex
Seller 1000,,Unbekannt
Seller 1005,,Westeng
Seller 1008,,Visit the sourcing map Store
Seller 1009,,WP@Saunen
Seller 1021,,PLLXY
Seller 1024,,SUPEWOLD
Seller 1027,,WFhomeEU
Seller 1029,,SpaBalancer
Seller 1031,,MagLite
Seller 1032,,Wiemann Lehrmittel
Seller 1033,,Wifun
Seller 1035,,Winbang
Seller 1037,,Winthai
Seller 1051,,World of Sparkles
Seller 1053,,Visit the Nostalgic-Art Store
Seller 1077,,YWSJGH
Seller 108,,Presto
Seller 110,,Zerodis
Seller 1101,,VIGEY
Seller 1111,,omufipw
Seller 113,,Oaklyn
Seller 114,,Small Foot
Seller 115,,Medipool
Seller 1191,,OEAK
Seller 1236,,Visit the Smartfox Store
Seller 1254,,Ganmek
Seller 129,,Wytino
Seller 1298,,KJHLL
Seller 1311,,RACHING
Seller 132,,Visit the SEVERIN Store
Seller 133,,Westfalia Wasserwelten
Seller 1342,,MMBOX
Seller 1351,,zaote
Seller 1353,,Vbest life
Seller 1363,,XITA
Seller 1374,,Milopon
Seller 1378,,Profusion circle
Seller 1385,,XLDN-water transfer printing folie
Seller 1392,,Unbekannt
Seller 1439,,LUUDE
Seller 1444,,unknow
Seller 1445,,Volwco
Seller 1469,,RQMQRL
Seller 1476,,no-branded
Seller 1497,,vidaXL
Seller 150,,MCK Austria Design
Seller 1506,,Orchard Toys
Seller 1509,,Zodiac
Seller 151,,NOLA
Seller 1513,,t.c electronic
Seller 1523,,XCSSKG
Seller 1528,,Zeckos
Seller 1531,,ZEELIY
Seller 1532,,ZeerKeer
Seller 1534,,Tildenet Gardenware
Seller 1620,,TGSM
Seller 1637,,Lyanther
Seller 1658,,Cupboard Organizers
Seller 1686,,ZHOUBA
Seller 1704,,X-Labor
Seller 1718,,Oulensy
Seller 172,,Shopping-Kobolde
Seller 1720,,MMBOX
Seller 1729,,WESTFALIA Automotive
Seller 173,,Visit the Mepal Store
Seller 1734,,VENNKE
Seller 174,,Shimmer and Sparkle
Seller 1751,,Vektenxi
Seller 1757,,Mechanix
Seller 1762,,mono
Seller 1763,,Visit the Mkouo Store
Seller 1764,,VORCOOL
Seller 1768,,Zep
Seller 1769,,Engineer
Seller 1786,,St Helens Home and Garden
Seller 1789,,Quantio
Seller 1806,,Zumint
Seller 1808,,Zunate
Seller 1816,,Versele-Laga
Seller 182,,Original LÖWE
Seller 188,,Kunyoxiu
Seller 207,,Visit the tesa Store
Seller 21,,Mountfield Outdoor Spares
Seller 214,,Prosperplast
Seller 217,,ZUOLUO
Seller 219,,Tatonka
Seller 228,,tian huan88
Seller 229,,Smart Garden
Seller 23,,Visit the Seville Classics Store
Seller 234,,Tegometall
Seller 238,,Lotex GmbH
Seller 242,,Visit the Osram Store
Seller 244,,Visit the Steinel Store
Seller 246,,Mechanix
Seller 25,,Neudorff
Seller 251,,Sun Microsystems
Seller 257,,Visit the Funko Store
Seller 259,,Sunpet
Seller 260,,Youtang
Seller 262,,Out of the blue
Seller 266,,Paramount City
Seller 268,,Zarges
Seller 269,,Leiyini
Seller 271,,LOHOX
Seller 272,,NAIZY
Seller 275,,Pavillo
Seller 279,,Visit the Weber Store
Seller 282,,Visit the Philips Hue Store
Seller 285,,3Kamido
Seller 286,,Mkono
Seller 29,,CLIUS
Seller 296,,GGOOD
Seller 302,,SpiceFlow
Seller 308,,vidaXL
Seller 311,,Visit the Schneider Store
Seller 312,,ZOJIRUSHI
Seller 317,,Visit the Hengda Store
Seller 32,,Visit the Umbra Store
Seller 324,,TDP
Seller 329,,LINKLANK
Seller 338,,Water Tech
Seller 343,,Haihuic
Seller 36,,Oregon
Seller 363,,Visit the Weber Store
Seller 369,,HYGL
Seller 377,,Loboo Idea
Seller 387,,Gebol
Seller 389,,Visit the Rolly Toys Store
Seller 391,,Sonnenhof
Seller 394,,Relaxdays
Seller 401,,LOVIVER
Seller 408,,LRuilo
Seller 421,,PERFECT PLANTS
Seller 425,,Haxiqiway
Seller 426,,luckything
Seller 437,,joka international GmbH
Seller 442,,LUOSFUH
Seller 443,,SimpleLife
Seller 45,,ShangSky
Seller 451,,rongwen
Seller 462,,LWAN3
Seller 470,,DELEX-Rollen
Seller 476,,Grand Tandyr
Seller 485,,Raybre Art
Seller 486,,Visit the Ochsenkopf Store
Seller 496,,Visit the Weber Store
Seller 500,,Visit the Salomon Store
Seller 504,,Visit the Victorinox Store
Seller 515,,Tailored Frames
Seller 531,,ysy
Seller 540,,Visit the TiaoBug Store
Seller 555,,Techting
Seller 576,,Terra-Discount
Seller 58,,TermaTech
Seller 586,,TBATM
Seller 587,,Funky Gadget Store
Seller 589,,National Geographic
Seller 59,,Kaminlicht
Seller 595,,Visit the Wolfcraft Store
Seller 596,,ZBXFCSH
Seller 6,,Strata
Seller 60,,Visit the Petromax Store
Seller 600,,Mr Entertainer
Seller 603,,Makita
Seller 631,,SWISSINNO SOLUTIONS
Seller 643,,Unbekannt
Seller 66,,(blank)
Seller 665,,Milwaukee
Seller 67,,Slimbridge
Seller 683,,Unbekannt
Seller 686,,TOPEREUR
Seller 687,,YFZYT
Seller 700,,Shimmer and Sparkle
Seller 702,,Schimer
Seller 707,,B&B
Seller 713,,Visit the Technoline Store
Seller 723,,Treer
Seller 733,,Trimming Shop
Seller 737,,Visit the WMF Store
Seller 756,,TOPEAK
Seller 763,,Turefans
Seller 777,,Oregon
Seller 778,,Napoleon Grills
Seller 781,,Visit the Netatmo Store
Seller 786,,SZFREE
Seller 79,,YVAN MOINS CHER
Seller 792,,TREKMATES
Seller 793,,VANTTECH
Seller 807,,Kibon
Seller 809,,zmk
Seller 812,,Vdual
Seller 817,,Velidy
Seller 818,,Visit the Toyvian Store
Seller 820,,Sharmans
Seller 822,,Vepbk
Seller 823,,Panetta Casalinghi
Seller 834,,Visit the Technoline Store
Seller 844,,Nalgene
Seller 846,,SODIAL(R)
Seller 848,,Visit the Yankee Candle Store
Seller 85,,Keersi
Seller 850,,Visit the Hengda Store
Seller 852,,WUKALA
Seller 856,,vielesguenstig-2013
Seller 87,,Vankra
Seller 877,,Visit the TFA Dostmann Store
Seller 880,,Visit the VITA5 Store
Seller 882,,wesentlich.
Seller 884,,ROSMARINO
Seller 887,,Miquelrius
Seller 888,,Visit the Traedgard Design Store
Seller 894,,Relaxdays
Seller 90,,Metabo
Seller 904,,vidaXL
Seller 915,,Mangal
Seller 916,,Toys
Seller 920,,Visit the VOUNOT Store
Seller 922,,szyzl88
Seller 939,,Visit the Zwilling Store
Seller 941,,Walter
Seller 947,,Riva776Yale
Seller 948,,ZOJIRUSHI
Seller 952,,vidaXL
Seller 955,,Bayrol
Seller 957,,wasserkaskaden
Seller 958,,wasserpfeifenversand
Seller 977,,Oregon
Seller 983,,Wedding Touches
Seller 989,,Urn
